sku,image,thumbnail,small_image,image_label,thumbnail_label,small_image_label,gallery
MS-570BS1-H75-STW-GUNMETAL,/0/2/02_1_.jpg,/0/2/02_1_.jpg,/0/2/02_1_.jpg,,,,
MS-570BS1-H75-STW-WHITE,/0/4/04_1_.jpg,/0/4/04_1_.jpg,/0/4/04_1_.jpg,,,,
G8B-H76-BLK-WAL,/1/5/15_20150130-transitcounterstool_walnutonblack_front_2.jpg,/1/5/15_20150130-transitcounterstool_walnutonblack_front_2.jpg,/1/5/15_20150130-transitcounterstool_walnutonblack_front_2.jpg,,,,
G8C-H61-BLK-WAL,/1/6/16_20150130-transittablestool_walnutonblack_front_2.jpg,/1/6/16_20150130-transittablestool_walnutonblack_front_2.jpg,/1/6/16_20150130-transittablestool_walnutonblack_front_2.jpg,,,,
G8C-H45-BLK-WAL,/1/7/17_20150204-industrywest_add_chairs-40.jpg,/1/7/17_20150204-industrywest_add_chairs-40.jpg,/1/7/17_20150204-industrywest_add_chairs-40.jpg,,,,
G42-WHT-B.ASH,/1/3/13_20150130-slingchair_ashonwhite_angle_2_sides.jpg,/1/3/13_20150130-slingchair_ashonwhite_angle_2_sides.jpg,/1/3/13_20150130-slingchair_ashonwhite_angle_2_sides.jpg,,,,
G42-BLK-B.ASH,/1/2/12_20150130-slingchair_ashonblack_angle_1_sides.jpg,/1/2/12_20150130-slingchair_ashonblack_angle_1_sides.jpg,/1/2/12_20150130-slingchair_ashonblack_angle_1_sides.jpg,,,,
G42-PEPPERMINT-B.ASH,/1/4/14_20150130-slingchair_beechonmint_angle_1_sides.jpg,/1/4/14_20150130-slingchair_beechonmint_angle_1_sides.jpg,/1/4/14_20150130-slingchair_beechonmint_angle_1_sides.jpg,,,,
G8-BLK-WAL,/1/8/18_20150204-industrywest_add_chairs-26_sides.jpg,/1/8/18_20150204-industrywest_add_chairs-26_sides.jpg,/1/8/18_20150204-industrywest_add_chairs-26_sides.jpg,,,,
FA-6020-2-BLACK/WHITEMARBLE,/1/_/1__120150127-chair_299_copy.jpg,/1/_/1__120150127-chair_299_copy.jpg,/1/_/1__120150127-chair_299_copy.jpg,,,,
JB-17-ASH#5,/0/_/0_11_20150130-pivotbarstool_1.jpg,/0/_/0_11_20150130-pivotbarstool_1.jpg,/0/_/0_11_20150130-pivotbarstool_1.jpg,,,,
5079-1-BLACK,/6/_/6_20150129-bergamoclubchair_ebony_front_3.jpg,/6/_/6_20150129-bergamoclubchair_ebony_front_3.jpg,/6/_/6_20150129-bergamoclubchair_ebony_front_3.jpg,,,,
5079-1-LOCALBROWN,/5/_/5_20150129-bergamoclubchair_chestnut_front_1.jpg,/5/_/5_20150129-bergamoclubchair_chestnut_front_1.jpg,/5/_/5_20150129-bergamoclubchair_chestnut_front_1.jpg,,,,
7131-C-BLACK,/1/7/17_20150127-scoop__ebony_angle_1_copy_side.jpg,/1/7/17_20150127-scoop__ebony_angle_1_copy_side.jpg,/1/7/17_20150127-scoop__ebony_angle_1_copy_side.jpg,,,,
7131-C-YELLOW,/1/8/18_20150127-scoop_camel_angle_1_copy_side_copy.jpg,/1/8/18_20150127-scoop_camel_angle_1_copy_side_copy.jpg,/1/8/18_20150127-scoop_camel_angle_1_copy_side_copy.jpg,,,,
TMCZ-20-WHITE,/2/_/2_20150130-pivotbartable_2.jpg,/2/_/2_20150130-pivotbartable_2.jpg,/2/_/2_20150130-pivotbartable_2.jpg,,,,
FA-1006-SF2-BLACK/H1414,/1/2/12_20150128-patioluxsofa_blackonblack_front_1.jpg,/1/2/12_20150128-patioluxsofa_blackonblack_front_1.jpg,/1/2/12_20150128-patioluxsofa_blackonblack_front_1.jpg,,,,
FA-1006-SF2-WHITE/H1402,/1/1/11_20150128-patioluxsofa_mochaonwhite_front_4.jpg,/1/1/11_20150128-patioluxsofa_mochaonwhite_front_4.jpg,/1/1/11_20150128-patioluxsofa_mochaonwhite_front_4.jpg,,,,
FA-1028L-RAL6027/H1411,/1/1/11_20150127-cricketchair__greenbase_sage_angle_1_copy_side.jpg,/1/1/11_20150127-cricketchair__greenbase_sage_angle_1_copy_side.jpg,/1/1/11_20150127-cricketchair__greenbase_sage_angle_1_copy_side.jpg,,,,
FA-1006-SF1-BLACK/H1414,/1/2/12_20150127-patiolux_blackonblack_angle_1_copy_side.jpg,/1/2/12_20150127-patiolux_blackonblack_angle_1_copy_side.jpg,/1/2/12_20150127-patiolux_blackonblack_angle_1_copy_side.jpg,,,,
FA-1006-SF1-WHITE/H1402,/1/4/14_20150127-patiolux_mochaonwhite_1_copy_side.jpg,/1/4/14_20150127-patiolux_mochaonwhite_1_copy_side.jpg,/1/4/14_20150127-patiolux_mochaonwhite_1_copy_side.jpg,,,,
FA-1006-SF1-WHITE/G1410,/1/3/13_20150127-patiolux_latteonwhite_1_copy_side.jpg,/1/3/13_20150127-patiolux_latteonwhite_1_copy_side.jpg,/1/3/13_20150127-patiolux_latteonwhite_1_copy_side.jpg,,,,
FA-1028L-SF2-RAL6027/G1410,/9/_/9_20150128-cricketsofa_whiteonmint_front_2.jpg,/9/_/9_20150128-cricketsofa_whiteonmint_front_2.jpg,/9/_/9_20150128-cricketsofa_whiteonmint_front_2.jpg,,,,
703-YELLOW,/8/_/8_20150129-oscarpresident-92_1.jpg,/8/_/8_20150129-oscarpresident-92_1.jpg,/8/_/8_20150129-oscarpresident-92_1.jpg,,,,
Y-5240-1-YELLOW,/4/_/4_7_6_4_20150129-oscarpresident-81.jpg,/4/_/4_7_6_4_20150129-oscarpresident-81.jpg,/4/_/4_7_6_4_20150129-oscarpresident-81.jpg,,,,
T-7181-BLACK,/1/0/10_20150129-oscarpresident-94.jpg,/1/0/10_20150129-oscarpresident-94.jpg,/1/0/10_20150129-oscarpresident-94.jpg,,,,
B-7191-1-BLACK,/2/_/2_1_20150129-oscarpresident-84.jpg,/2/_/2_1_20150129-oscarpresident-84.jpg,/2/_/2_1_20150129-oscarpresident-84.jpg,,,,
B-7191-1-LOCALBROWN,/2/_/2_20150129-oscarpresident-83.jpg,/2/_/2_20150129-oscarpresident-83.jpg,/2/_/2_20150129-oscarpresident-83.jpg,,,,
B-7191-1-GREY,/3/_/3_20150129-oscarpresident-82.jpg,/3/_/3_20150129-oscarpresident-82.jpg,/3/_/3_20150129-oscarpresident-82.jpg,,,,
B-7191-3-BLACK,/1/3/13_20150128-mcqueensofa_blackonnickel_front_3.jpg,/1/3/13_20150128-mcqueensofa_blackonnickel_front_3.jpg,/1/3/13_20150128-mcqueensofa_blackonnickel_front_3.jpg,,,,
B-7191-3-LOCALBROWN,/1/5/15_20150128-mcqueensofa_chestnutonnickel_front_2_2.jpg,/1/5/15_20150128-mcqueensofa_chestnutonnickel_front_2_2.jpg,/1/5/15_20150128-mcqueensofa_chestnutonnickel_front_2_2.jpg,,,,
B-7191-3-GREY,/1/4/14_20150128-mcqueensofa_pewteronnickel_details_1-2.jpg,/1/4/14_20150128-mcqueensofa_pewteronnickel_details_1-2.jpg,/1/4/14_20150128-mcqueensofa_pewteronnickel_details_1-2.jpg,,,,
CY-56B-BLACK,/1/6/16_20150127-pauling_ebony_diningchair_angle_1_copy_side.jpg,/1/6/16_20150127-pauling_ebony_diningchair_angle_1_copy_side.jpg,/1/6/16_20150127-pauling_ebony_diningchair_angle_1_copy_side.jpg,,,,
CY-56B-LOCALBROWN,/1/5/15_20150127-pauling_chestnut_diningchair_angle_3_copy_side.jpg,/1/5/15_20150127-pauling_chestnut_diningchair_angle_3_copy_side.jpg,/1/5/15_20150127-pauling_chestnut_diningchair_angle_3_copy_side.jpg,,,,
FA-3023T-WHITE/WALNUT,/2/7/27_2_.jpg,/2/7/27_2_.jpg,/2/7/27_2_.jpg,,,,
FA-3023T-GUNMETAL/WALNUT,/2/8/28_2_.jpg,/2/8/28_2_.jpg,/2/8/28_2_.jpg,,,,
FA-3023-1-WHITE/WALNUT,/1/8/18_3_.jpg,/1/8/18_3_.jpg,/1/8/18_3_.jpg,,,,
FA-3023-1-BLACK/WALNUT,/2/1/21_2_.jpg,/2/1/21_2_.jpg,/2/1/21_2_.jpg,,,,
FA-3023-1-PANTONE2766/WALNUT,/2/0/20_2_.jpg,/2/0/20_2_.jpg,/2/0/20_2_.jpg,,,,
FA-1028-BLACK/H1414,/0/6/06_4_copy.jpg,/0/6/06_4_copy.jpg,/0/6/06_4_copy.jpg,,,,
FA-1028-WHITE/H1416,/0/8/08_3_copy.jpg,/0/8/08_3_copy.jpg,/0/8/08_3_copy.jpg,,,,
FA-3023-2-WHITE/WALNUT,/2/5/25_2_.jpg,/2/5/25_2_.jpg,/2/5/25_2_.jpg,,,,
FA-3023-2-PANTONE2766/WALNUT,/2/3/23_2_.jpg,/2/3/23_2_.jpg,/2/3/23_2_.jpg,,,,
FA-3023T-PANTONE2766/WALNUT,/2/9/29_3_.jpg,/2/9/29_3_.jpg,/2/9/29_3_.jpg,,,,
FA-3023T-BLACK/WALNUT,/3/0/30_3_.jpg,/3/0/30_3_.jpg,/3/0/30_3_.jpg,,,,
FA-3023-1-RAL6027/WALNUT,/1/7/17_2_.jpg,/1/7/17_2_.jpg,/1/7/17_2_.jpg,,,,
FA-3023-1-GUNMETAL/WALNUT,/1/9/19_3_.jpg,/1/9/19_3_.jpg,/1/9/19_3_.jpg,,,,
FA-1028-RAL6027/G1410,/0/7/07_2_copy.jpg,/0/7/07_2_copy.jpg,/0/7/07_2_copy.jpg,,,,
FA-3023-2-RAL6027/WALNUT,/2/2/22_2__1.jpg,/2/2/22_2__1.jpg,/2/2/22_2__1.jpg,,,,
FA-3023-2-BLACK/WALNUT,/2/6/26_2_.jpg,/2/6/26_2_.jpg,/2/6/26_2_.jpg,,,,
210-APP-RED,/2/0/20150227-8_nomadchair_red_3.jpg,/2/0/20150227-8_nomadchair_red_3.jpg,/2/0/20150227-8_nomadchair_red_3.jpg,,,,
FA-6020-1-ROSEGOLD/WALNUT,/4/_/4_20150127-chair_304_copy.jpg,/4/_/4_20150127-chair_304_copy.jpg,/4/_/4_20150127-chair_304_copy.jpg,,,,
FA-6020-1-BLACK/WALNUT,/3/_/3_20150127-chair_305_copy_1.jpg,/3/_/3_20150127-chair_305_copy_1.jpg,/3/_/3_20150127-chair_305_copy_1.jpg,,,,
FA-6020-3-ROSEGOLD/WALNUT,/3/_/3_20150128-front_birdcagecocktailtable_walnutoncopper_1.jpg,/3/_/3_20150128-front_birdcagecocktailtable_walnutoncopper_1.jpg,/3/_/3_20150128-front_birdcagecocktailtable_walnutoncopper_1.jpg,,,,
FA-6020-3-BLACK/WALNUT,/4/_/4_20150128-front_birdcagecocktailtable_walnutonblack_1_1.jpg,/4/_/4_20150128-front_birdcagecocktailtable_walnutonblack_1_1.jpg,/4/_/4_20150128-front_birdcagecocktailtable_walnutonblack_1_1.jpg,,,,
FA-6020-2-ROSEGOLD/WHITEMARBLE,/2/_/2__2_20150127-chair_301_copy.jpg,/2/_/2__2_20150127-chair_301_copy.jpg,/2/_/2__2_20150127-chair_301_copy.jpg,,,,
FA-6020-4-ROSEGOLD/WHITEMARBLE,/6/_/6_20150128-birdcagecocktailtable_marbleoncopper_3_1.jpg,/6/_/6_20150128-birdcagecocktailtable_marbleoncopper_3_1.jpg,/6/_/6_20150128-birdcagecocktailtable_marbleoncopper_3_1.jpg,,,,
FA-6020-4-BLACK/WHITEMARBLE,/5/_/5_20150128-front_birdcagecocktailtable_marbleonblack_1.jpg,/5/_/5_20150128-front_birdcagecocktailtable_marbleonblack_1.jpg,/5/_/5_20150128-front_birdcagecocktailtable_marbleonblack_1.jpg,,,,
FA-6021-ROSEGOLD/WHITEMARBLE,/2/_/2_20150128-angle_gemcocktailtable_marbleoncopper_1.jpg,/2/_/2_20150128-angle_gemcocktailtable_marbleoncopper_1.jpg,/2/_/2_20150128-angle_gemcocktailtable_marbleoncopper_1.jpg,,,,
FA-6021-BLACK/WHITEMARBLE,/1/_/1_20150128-angle_gemcocktailtable_marbleonblack_1.jpg,/1/_/1_20150128-angle_gemcocktailtable_marbleonblack_1.jpg,/1/_/1_20150128-angle_gemcocktailtable_marbleonblack_1.jpg,,,,
FA-1028L-BLACK/H1414,/7/_/7__20150127-cricket_blackonblack_angle_1_copy_side.jpg,/7/_/7__20150127-cricket_blackonblack_angle_1_copy_side.jpg,/7/_/7__20150127-cricket_blackonblack_angle_1_copy_side.jpg,,,,
FA-1028-PANTONE2766/H1409,/3/_/3_20150130-cricketdiningchair_blueonblue_angle_1_sides.jpg,/3/_/3_20150130-cricketdiningchair_blueonblue_angle_1_sides.jpg,/3/_/3_20150130-cricketdiningchair_blueonblue_angle_1_sides.jpg,,,,
FA-3022-BLACK/H1414,/5/_/5_20150127-chair_278_copy.jpg,/5/_/5_20150127-chair_278_copy.jpg,/5/_/5_20150127-chair_278_copy.jpg,,,,
FA-3023-2-GUNMETAL/WALNUT,/2/4/24_3_.jpg,/2/4/24_3_.jpg,/2/4/24_3_.jpg,,,,
FA-1028L-BLACK/H1412,/9/_/9_20150127-cricket_green_2_copy_side.jpg,/9/_/9_20150127-cricket_green_2_copy_side.jpg,/9/_/9_20150127-cricket_green_2_copy_side.jpg,,,,
FA-3022-WHITE/H1412,/6/_/6__20150127-bloomstool_sageonwhite_walnutoncopper_1_copy.jpg,/6/_/6__20150127-bloomstool_sageonwhite_walnutoncopper_1_copy.jpg,/6/_/6__20150127-bloomstool_sageonwhite_walnutoncopper_1_copy.jpg,,,,
FA-1028L-SF2-PANTONE2766/H1416,/1/6/16_20150128-cricketsofa_orangeonblack_front_1_1.jpg,/1/6/16_20150128-cricketsofa_orangeonblack_front_1_1.jpg,/1/6/16_20150128-cricketsofa_orangeonblack_front_1_1.jpg,,,,
FA-1028L-SF2-WHITE/H1412,/7/_/7_20150128-cricketsofa_sage_front_1.jpg,/7/_/7_20150128-cricketsofa_sage_front_1.jpg,/7/_/7_20150128-cricketsofa_sage_front_1.jpg,,,,
FA-1028L-SF2-BLACK/H1413,/8/_/8_20150128-cricketsofa_latteonblack_front_1.jpg,/8/_/8_20150128-cricketsofa_latteonblack_front_1.jpg,/8/_/8_20150128-cricketsofa_latteonblack_front_1.jpg,,,,
FA-1028L-SF2-BLACK/H1414,/1/0/10_20150128-cricketsofa_blackonblack_front_1.jpg,/1/0/10_20150128-cricketsofa_blackonblack_front_1.jpg,/1/0/10_20150128-cricketsofa_blackonblack_front_1.jpg,,,,
FA-1028L-PANTONE2766/H1410,/8/_/8_20150127-cricket_blackonblue_angle_1_copy_side.jpg,/8/_/8_20150127-cricket_blackonblue_angle_1_copy_side.jpg,/8/_/8_20150127-cricket_blackonblue_angle_1_copy_side.jpg,,,,
MS-888-H75-ST-RAL6019,/2/0/20150227-13_octanebarstool_peppermint_1_sides.jpg,/2/0/20150227-13_octanebarstool_peppermint_1_sides.jpg,/2/0/20150227-13_octanebarstool_peppermint_1_sides.jpg,,,,
MS-888-H45-ST-RAL6019,/9/_/9_20150130-octanechair_blackonmint_angle_2_sides.jpg,/9/_/9_20150130-octanechair_blackonmint_angle_2_sides.jpg,/9/_/9_20150130-octanechair_blackonmint_angle_2_sides.jpg,,,,
MS-888-H75-ST-YELLOW,/2/0/20150227-14_octanebarstool_yellow_1_sides.jpg,/2/0/20150227-14_octanebarstool_yellow_1_sides.jpg,/2/0/20150227-14_octanebarstool_yellow_1_sides.jpg,,,,
MS-888-H75-ST-WHITE,/2/0/20150227-13_octanebarstool_white_1_sides.jpg,/2/0/20150227-13_octanebarstool_white_1_sides.jpg,/2/0/20150227-13_octanebarstool_white_1_sides.jpg,,,,
MS-900-BLUE/ESPRESSOWASH,/7/_/7_20140918-prouvechair_10_angleright_.jpg,/7/_/7_20140918-prouvechair_10_angleright_.jpg,/7/_/7_20140918-prouvechair_10_angleright_.jpg,,,,
MS-900-GUNMETAL/WALNUTWOOD,/1/7/17_sides_17_20150226-prouvechair_gunmetal0nwalnut_angle_1_sides.jpg,/1/7/17_sides_17_20150226-prouvechair_gunmetal0nwalnut_angle_1_sides.jpg,/1/7/17_sides_17_20150226-prouvechair_gunmetal0nwalnut_angle_1_sides.jpg,,,,
MS-888-H75-ST-BLACK,/6/_/6_20150130-octanebarstool_blackonblack_angle_1_sides.jpg,/6/_/6_20150130-octanebarstool_blackonblack_angle_1_sides.jpg,/6/_/6_20150130-octanebarstool_blackonblack_angle_1_sides.jpg,,,,
MS-888-H75-ST-ORANGE,/7/_/7_20150130-octanebarstool_blackonorange_angle_1_sides.jpg,/7/_/7_20150130-octanebarstool_blackonorange_angle_1_sides.jpg,/7/_/7_20150130-octanebarstool_blackonorange_angle_1_sides.jpg,,,,
MS-888-H45-ST-RED,/1/0/10_20150130-octanechair_blackonred_angle_3_sides.jpg,/1/0/10_20150130-octanechair_blackonred_angle_3_sides.jpg,/1/0/10_20150130-octanechair_blackonred_angle_3_sides.jpg,,,,
MS-888-H45-ST-PANTONE2766,/8/_/8_20150130-octanechair_blackonblue_angle_1_sides.jpg,/8/_/8_20150130-octanechair_blackonblue_angle_1_sides.jpg,/8/_/8_20150130-octanechair_blackonblue_angle_1_sides.jpg,,,,
MS-525-H75-STW-GREEN,/5/_/5_20150130-habitusbarstool_walnutongreen_front_1.jpg,/5/_/5_20150130-habitusbarstool_walnutongreen_front_1.jpg,/5/_/5_20150130-habitusbarstool_walnutongreen_front_1.jpg,,,,
MS-525-H75-STW-BLUE,/4/_/4_20150130-habitusbarstool_walnutonblue_front_2_2.jpg,/4/_/4_20150130-habitusbarstool_walnutonblue_front_2_2.jpg,/4/_/4_20150130-habitusbarstool_walnutonblue_front_2_2.jpg,,,,
MS-525-H75-STW-PANTONE2766,/4/_/4_20150130-habitusbarstool_walnutonblue_front_2.jpg,/4/_/4_20150130-habitusbarstool_walnutonblue_front_2.jpg,/4/_/4_20150130-habitusbarstool_walnutonblue_front_2.jpg,,,,
MS-520-STW-GUNMETAL/WALNUTWOOD,/1/4/14_sides_14_20150226-madewellchair_walnutongunmetal_angle_2_sides.jpg,/1/4/14_sides_14_20150226-madewellchair_walnutongunmetal_angle_2_sides.jpg,/1/4/14_sides_14_20150226-madewellchair_walnutongunmetal_angle_2_sides.jpg,,,,
MS-521-STW-MATTLIGHTCOFFEERUSTIC,/2/2/22_22_sides_22_20150226-publicchair_walnutonmattecoffeerustic_angle_1_sides.jpg,/2/2/22_22_sides_22_20150226-publicchair_walnutonmattecoffeerustic_angle_1_sides.jpg,/2/2/22_22_sides_22_20150226-publicchair_walnutonmattecoffeerustic_angle_1_sides.jpg,,,,
MS-888-H45-ST-BLACK,/2/0/20150105-16_octanechairblack-3_copy_angles_right.jpg,/2/0/20150105-16_octanechairblack-3_copy_angles_right.jpg,/2/0/20150105-16_octanechairblack-3_copy_angles_right.jpg,,,,
MS-888-H45-ST-WHITE,/2/0/20150105-17_octanechairwhite-3_copy_angles_right.jpg,/2/0/20150105-17_octanechairwhite-3_copy_angles_right.jpg,/2/0/20150105-17_octanechairwhite-3_copy_angles_right.jpg,,,,
MS-888-H45-ST-ORANGE,/2/0/20150105-15_octanechairorange-3_copy_angles_right.jpg,/2/0/20150105-15_octanechairorange-3_copy_angles_right.jpg,/2/0/20150105-15_octanechairorange-3_copy_angles_right.jpg,,,,
MS-888-H45-ST-YELLOW,/2/0/20150105-118_octanechairyellow-3_copy_angles_right.jpg,/2/0/20150105-118_octanechairyellow-3_copy_angles_right.jpg,/2/0/20150105-118_octanechairyellow-3_copy_angles_right.jpg,,,,
,,,,,,,
7051-LOCALBROWN,/7/_/7_20150129-oscarpresident-91.jpg,/7/_/7_20150129-oscarpresident-91.jpg,/7/_/7_20150129-oscarpresident-91.jpg,,,,
7036-LIGHTBROWN,/9/_/9_20150129-oscarpresident-93.jpg,/9/_/9_20150129-oscarpresident-93.jpg,/9/_/9_20150129-oscarpresident-93.jpg,,,,
MS-525-H75-STW-YELLOW,/9/_/9_20140918-yellow_habitusbarstool_11.jpg,/9/_/9_20140918-yellow_habitusbarstool_11.jpg,/9/_/9_20140918-yellow_habitusbarstool_11.jpg,,,,
MS-520-H75-STW-GUNMETAL,/t/m/tmp_3401.jpg,/t/m/tmp_3401.jpg,/t/m/tmp_3401.jpg,,,,
MS-520-H75-STW-BLACK,/t/m/tmp_3396.jpg,/t/m/tmp_3396.jpg,/t/m/tmp_3396.jpg,,,,
